Model,L1,rmse,pearson
Strategy A (XLM-RoBERTa+Features),es,1.8686165395552343,0.41650108741210307
Strategy A (XLM-RoBERTa+Features),de,1.7827607242621195,0.4313124574281465
Strategy A (XLM-RoBERTa+Features),cn,1.6324866695318772,0.5209771994683581
