model,track,L1,rmse,pearson
baseline_closed_cn,closed,cn,1.1748474074893016,0.7355269731583322
baseline_closed_de,closed,de,1.3282551918812926,0.7530299049691511
baseline_closed_es,closed,es,1.3569219828224213,0.7484207308555739
baseline_open_xx,open,es,1.2060841866514214,0.787306348445452
baseline_open_xx,open,de,1.1486658737533606,0.8003900093884458
baseline_open_xx,open,cn,1.0213964262014545,0.8042396463775819
